0.397340524,0.408330711,0.419413327,0.43057784,0.441813388,0.453108823,0.46149745,0.466948191,0.472406833,0.47787208,0.483342631,0.488817177,0.494294406,0.499773006,0.50525166,0.510729054,0.516203872,0.521674803,0.52714054,0.532599778
0.298607344,0.317841775,0.337718611,0.358185793,0.379183195,0.400643125,0.417038273,0.428129026,0.439292468,0.45051768,0.461793493,0.473108532,0.484451261,0.495810032,0.50717313,0.518528822,0.529865405,0.541171256,0.552434877,0.563644943
0.212113403,0.235316294,0.260219043,0.28676886,0.314874549,0.344404691,0.367853108,0.384482985,0.4013873,0.418529473,0.435870677,0.453370172,0.470985669,0.488673734,0.506390209,0.524090649,0.541730773,0.559266901,0.576656384,0.593858011
0.143252028,0.166280355,0.19218019,0.221044606,0.252887145,0.287623016,0.316536031,0.338135592,0.360431775,0.38334662,0.406791694,0.430669229,0.4548736,0.479293102,0.503811959,0.528312495,0.552677387,0.576791895,0.600546,0.623836342
0.092971516,0.113094707,0.136915984,0.164822313,0.197117491,0.23396786,0.266310859,0.291822135,0.318715653,0.346873638,0.376145837,0.406351383,0.437282333,0.468708798,0.500385442,0.532058992,0.563476274,0.594392242,0.624577468,0.653824613
0.058691913,0.074824753,0.094944796,0.119774617,0.150021543,0.18629022,0.219959857,0.248012772,0.278366688,0.310899666,0.345414873,0.381639733,0.419230524,0.457782822,0.496847414,0.535950534,0.574616548,0.612390834,0.648860552,0.683671351
0.036419537,0.048626709,0.064650979,0.085481366,0.112218044,0.145982455,0.179163703,0.208340474,0.24087437,0.276712891,0.315666351,0.357393812,0.40140177,0.447058736,0.493626395,0.540304908,0.58628682,0.630812072,0.673216299,0.71296623
0.022382516,0.031270733,0.043531346,0.060299867,0.082967413,0.113130154,0.144486988,0.173538651,0.207018165,0.245041586,0.287516666,0.334096107,0.384153006,0.436790356,0.490891121,0.545206088,0.598466246,0.649498961,0.697325979,0.74122699
0.013690269,0.019997668,0.029125207,0.042239268,0.060887816,0.087021587,0.11571802,0.143675433,0.177035079,0.216184966,0.261244217,0.311957263,0.367616026,0.427041815,0.488650993,0.550606908,0.611031494,0.668227037,0.720854483,0.768031837
0.00835769,0.012755987,0.019423582,0.029472309,0.044483873,0.066616675,0.092238276,0.118432122,0.150828558,0.190175141,0.236922262,0.291030775,0.351799563,0.417779942,0.48684081,0.556407801,0.623830895,0.68677507,0.743517144,0.793077189
0.005100502,0.008130121,0.012935891,0.020523603,0.032415822,0.050841203,0.073284182,0.097311946,0.128128499,0.166899632,0.214516194,0.271293908,0.336658511,0.408933994,0.485372413,0.562501333,0.636722457,0.704956569,0.765102492,0.816184427
0.003114128,0.005182435,0.008612577,0.014280467,0.023589611,0.038728767,0.058095255,0.079767132,0.108591443,0.14617705,0.193941408,0.252694016,0.322132164,0.400427188,0.484160173,0.568792049,0.649588156,0.72262787,0.785471118,0.837282269
0.001902873,0.003305394,0.005735709,0.009935117,0.017156077,0.029469101,0.045983579,0.065266372,0.09185667,0.12779903,0.175093628,0.235171397,0.308162195,0.392190597,0.48313102,0.575202688,0.662336124,0.739685406,0.804544881,0.856381791
0.001163808,0.002109825,0.003821884,0.006913602,0.012475047,0.022409285,0.036358136,0.05332607,0.077575273,0.111552056,0.157863368,0.218668944,0.294699513,0.384167736,0.482226736,0.581674048,0.674897795,0.756059179,0.822293829,0.873552239
0.000712434,0.001347785,0.002548298,0.004812991,0.00907203,0.017035398,0.028726218,0.043521583,0.065423967,0.097228342,0.142142188,0.203135152,0.281705665,0.376314802,0.481402884,0.58816243,0.687223577,0.771705752,0.838724052,0.888900767
0.000436485,0.000861648,0.00170024,0.003352248,0.006598789,0.012948651,0.022684622,0.035488144,0.055110656,0.084631048,0.127825073,0.18852414,0.269151876,0.36859916,0.480626598,0.594636548,0.699278608,0.78660205,0.853867521,0.902556729
0.000267617,0.000551243,0.00113512,0.002335994,0.004801199,0.009842302,0.017907291,0.028916886,0.046375664,0.07357665,0.11481117,0.17479459,0.257017286,0.360997336,0.479874215,0.601074626,0.711039117,0.800740273,0.867774019,0.91466009
0.000164186,0.000352878,0.000758262,0.001628589,0.003494378,0.007481687,0.014132609,0.023548823,0.038990706,0.063895832,0.103003916,0.161908442,0.24528707,0.353493063,0.479129153,0.607461987,0.722489549,0.814123939,0.880504954,0.925353265
0.000100785,0.000226015,0.000506773,0.001135894,0.002544034,0.005687873,0.011151764,0.01916832,0.032756758,0.055433631,0.092311021,0.149829744,0.233950758,0.346075586,0.478380156,0.613789126,0.733620353,0.826764845,0.892128703,0.934775597
6.18949E-05,0.000144827,0.000338841,0.000792556,0.001852682,0.004324699,0.008798697,0.015596762,0.027501431,0.048049156,0.082644476,0.138523785,0.223000849,0.338738274,0.477619904,0.620050242,0.744426332,0.838680767,0.902717158,0.943059814
3.80263E-05,9.28385E-05,0.000226642,0.000553183,0.001349563,0.003288668,0.006941676,0.012686782,0.023076192,0.041615044,0.073920605,0.127956504,0.212431718,0.331477523,0.476843935,0.626242125,0.754905428,0.849893727,0.912343215,0.95032993
2.33698E-05,5.95318E-05,0.000151643,0.000386218,0.000983303,0.00250116,0.005476386,0.010317165,0.01935362,0.036016765,0.066060151,0.118094135,0.202238789,0.324291904,0.476049829,0.632363338,0.76505784,0.860428697,0.921078983,0.956700168
1.43664E-05,3.81847E-05,0.000101489,0.000269716,0.000716592,0.001902467,0.004320322,0.008388451,0.016224816,0.031151817,0.058988368,0.108903059,0.192417927,0.317181515,0.475236596,0.638413616,0.774885397,0.870312615,0.92899452,0.962274587
8.83369E-06,2.4498E-05,6.79385E-05,0.000188396,0.000522319,0.001447249,0.003408292,0.006819185,0.013597002,0.026928862,0.052635089,0.100349777,0.182965005,0.310147493,0.474404225,0.644393436,0.784391108,0.879573641,0.936156986,0.967147183
5.43282E-06,1.57202E-05,4.54879E-05,0.000131618,0.000380775,0.001101071,0.00268881,0.00554276,0.011391345,0.023266829,0.046934754,0.092400982,0.173875613,0.30319165,0.473553352,0.650303712,0.793578842,0.888240593,0.942630097,0.971402289
3.34184E-06,1.00892E-05,3.04612E-05,9.19662E-05,0.000277625,0.000837777,0.002121234,0.004504783,0.009541024,0.020094017,0.041826395,0.085023691,0.165144873,0.296316203,0.472685016,0.656145581,0.802453111,0.896342519,0.948473799,0.975115162
2.05598E-06,6.47615E-06,2.04012E-05,6.42683E-05,0.000202442,0.000637497,0.001673494,0.003660874,0.007989506,0.017347219,0.037253563,0.07818539,0.156767333,0.28952358,0.471800492,0.661920257,0.811018916,0.903908355,0.953744117,0.978352666
1.2651E-06,4.15751E-06,1.36652E-05,4.49173E-05,0.000147634,0.000485133,0.001320284,0.002974858,0.006689048,0.014970873,0.033164216,0.071854208,0.148736921,0.282816275,0.470901164,0.667628936,0.819281635,0.910966678,0.958493119,0.981173996
7.78592E-07,2.66932E-06,9.15422E-06,3.13958E-05,0.000107674,0.000369208,0.001041643,0.002417265,0.005599387,0.012916262,0.02951056,0.065999061,0.141046942,0.276196755,0.469988449,0.673272737,0.827246952,0.917545502,0.962768972,0.9836314
4.79283E-07,1.71403E-06,6.13287E-06,2.19465E-05,7.85354E-05,0.000281001,0.000821824,0.0019641,0.004686611,0.011140772,0.026248863,0.060589801,0.133690105,0.269667384,0.469063733,0.678852663,0.834920804,0.923672126,0.966616059,0.985770886
2.95123E-07,1.10075E-06,4.10904E-06,1.53422E-05,5.72859E-05,0.000213877,0.000648405,0.001595836,0.003922191,0.009607197,0.02333924,0.055597332,0.126658572,0.26323038,0.468128338,0.684369588,0.842309338,0.929373019,0.970075136,0.98763288
1.81804E-07,7.07E-07,2.75328E-06,1.0726E-05,4.17882E-05,0.000162795,0.00051159,0.001296585,0.003282143,0.008283115,0.020745425,0.050993708,0.119944015,0.256887787,0.467183504,0.68982425,0.849418883,0.93467373,0.973183518,0.989252843
1.1207E-07,4.5418E-07,1.84498E-06,7.49909E-06,3.04845E-05,0.000123918,0.000403649,0.001053428,0.002746323,0.007140313,0.018434532,0.046752206,0.113537687,0.250641453,0.466230371,0.695217256,0.856255925,0.939598828,0.975975284,0.990661838
6.91553E-08,2.91839E-07,1.23643E-06,5.24326E-06,2.22394E-05,9.43282E-05,0.000318488,0.000855858,0.002297824,0.006154278,0.016376812,0.042847379,0.107430494,0.244493025,0.465269978,0.700549087,0.862827084,0.944171856,0.978481485,0.991887038
4.27438E-08,1.8759E-07,8.28684E-07,3.66618E-06,1.62248E-05,7.18061E-05,0.000251297,0.000695333,0.00192246,0.005303734,0.014545415,0.039255083,0.101613062,0.238443945,0.464303265,0.705820112,0.869139095,0.948415304,0.980730358,0.992952192
2.64883E-08,1.20643E-07,5.55469E-07,2.56357E-06,1.18373E-05,5.46628E-05,0.000198284,0.000564911,0.001608338,0.004570233,0.012916153,0.035952494,0.096075811,0.232495455,0.463331072,0.711030601,0.875198787,0.952350593,0.982747535,0.993878035
1.64833E-08,7.76497E-08,3.72392E-07,1.79266E-06,8.63644E-06,4.16132E-05,0.000156456,0.000458948,0.001345489,0.003937798,0.011467277,0.032918103,0.090809016,0.226648596,0.46235415,0.716180738,0.881013066,0.955998079,0.984556247,0.994682658
1.03251E-08,5.00381E-08,2.49711E-07,1.25364E-06,6.30128E-06,3.16795E-05,0.000123453,0.000372859,0.001125559,0.0033926,0.01017926,0.030131696,0.085802873,0.22090422,0.461373163,0.721270633,0.886588894,0.959377051,0.986177518,0.995381834
6.53466E-09,3.23048E-08,1.67499E-07,8.76755E-07,4.59763E-06,2.41176E-05,9.74129E-05,0.000302917,0.000941552,0.002922676,0.009034594,0.027574327,0.081047554,0.215262995,0.460388698,0.726300339,0.891933271,0.962505756,0.987630352,0.995989309
4.20148E-09,2.09154E-08,1.12406E-07,6.13224E-07,3.35467E-06,1.83609E-05,7.68659E-05,0.000246095,0.000787609,0.002517688,0.008017605,0.025228285,0.076533256,0.209725416,0.459401272,0.731269861,0.897053216,0.965401411,0.988931909,0.996517052
2.7653E-09,1.36003E-08,7.54857E-08,4.28951E-07,2.4478E-06,1.39785E-05,6.06532E-05,0.000199931,0.000658822,0.002168701,0.007114272,0.023077043,0.072250247,0.204291814,0.458411338,0.736179167,0.901955746,0.968080239,0.990097664,0.996975487
1.88126E-09,8.90203E-09,5.07429E-08,3.00097E-07,1.78614E-06,1.06423E-05,4.78604E-05,0.000162426,0.000551085,0.001868003,0.006312068,0.021105215,0.068188912,0.198962363,0.457419294,0.741028199,0.906647863,0.970557494,0.991141563,0.997373683
1.33707E-09,5.88437E-09,3.41609E-08,2.09994E-07,1.30338E-06,8.10234E-06,3.77661E-05,0.000131957,0.00046096,0.001608933,0.005599809,0.019298499,0.064339778,0.193737092,0.456425487,0.745816883,0.911136534,0.972847498,0.992076165,0.997719531
1.00209E-09,3.94614E-09,2.3048E-08,1.46987E-07,9.51139E-07,6.16868E-06,2.98009E-05,0.000107203,0.000385569,0.001385746,0.004967519,0.017643625,0.060693554,0.188615893,0.455430222,0.750545135,0.915428672,0.974963676,0.992912767,0.998019894
7.95876E-10,2.70122E-09,1.56004E-08,1.02927E-07,6.94131E-07,4.69656E-06,2.35158E-05,8.70931E-05,0.000322506,0.001193483,0.004406305,0.016128297,0.057241149,0.183598527,0.454433763,0.755212869,0.919531123,0.976918597,0.993661527,0.998280741
6.68938E-10,1.90159E-09,1.0609E-08,7.21172E-08,5.06606E-07,3.57579E-06,1.85563E-05,7.07554E-05,0.000269755,0.001027869,0.003908245,0.014741138,0.053973698,0.178684637,0.453436344,0.759820003,0.923450652,0.978724012,0.994331574,0.99850726
5.90797E-10,1.38799E-09,7.26376E-09,5.05718E-08,3.69778E-07,2.72252E-06,1.46429E-05,5.74825E-05,0.000225631,0.000885216,0.003466285,0.013471634,0.050882577,0.173873753,0.452438166,0.764366464,0.927193928,0.980390892,0.994931107,0.99870396
5.42694E-10,1.05809E-09,5.0218E-09,3.55052E-08,2.69941E-07,2.07289E-06,1.15548E-05,4.66994E-05,0.000188723,0.000762347,0.003074149,0.01231008,0.047959419,0.169165299,0.451439409,0.768852191,0.930767513,0.981929473,0.995467483,0.99887476
5.13082E-10,8.46192E-10,3.51923E-09,2.49691E-08,1.97093E-07,1.5783E-06,9.118E-06,3.79392E-05,0.000157852,0.000656522,0.002726253,0.011247525,0.045196121,0.164558605,0.450440227,0.773277141,0.934177848,0.983349292,0.995947307,0.999023066
4.94854E-10,7.10086E-10,2.5122E-09,1.76011E-08,1.43939E-07,1.20175E-06,7.19514E-06,3.08222E-05,0.00013203,0.000565379,0.002417632,0.010275722,0.042584855,0.160052908,0.44944076,0.77764129,0.937431247,0.984659226,0.996376502,0.999151837
4.83632E-10,6.22662E-10,1.83728E-09,1.24487E-08,1.05155E-07,9.1507E-07,5.67782E-06,2.50404E-05,0.000110432,0.000486882,0.002143872,0.009387081,0.040118071,0.155647361,0.448441129,0.781944637,0.940533888,0.985867532,0.996760376,0.999263643
4.76724E-10,5.66507E-10,1.38494E-09,8.84556E-09,7.68544E-08,6.96804E-07,4.4805E-06,2.03432E-05,9.23663E-05,0.00041928,0.001901052,0.008574619,0.037788503,0.151341042,0.447441444,0.786187205,0.943491801,0.986981884,0.997103691,0.999360718
4.72472E-10,5.30437E-10,1.08178E-09,6.32584E-09,5.62047E-08,5.30626E-07,3.53569E-06,1.65271E-05,7.72561E-05,0.000361061,0.001685688,0.007831916,0.035589163,0.147132955,0.4464418,0.790369042,0.946310867,0.988009406,0.997410709,0.999445
4.69854E-10,5.07269E-10,8.78592E-10,4.56377E-09,4.11371E-08,4.04106E-07,2.79013E-06,1.34269E-05,6.46177E-05,0.000310923,0.001494685,0.007153077,0.033513348,0.143022042,0.445442288,0.794490223,0.948996813,0.98895671,0.997685253,0.999518175
4.68242E-10,4.92387E-10,7.42415E-10,3.33153E-09,3.01427E-08,3.0778E-07,2.20181E-06,1.09082E-05,5.40467E-05,0.000267746,0.001325296,0.006532688,0.031554632,0.139007181,0.444442986,0.79855085,0.951555203,0.989829928,0.997930744,0.999581705
4.6725E-10,4.82828E-10,6.51146E-10,2.46981E-09,2.21203E-08,2.34442E-07,1.73757E-06,8.86202E-06,4.5205E-05,0.000230564,0.00117508,0.00596578,0.029706867,0.135087199,0.443443968,0.802551053,0.95399144,0.990634742,0.998150245,0.999636861
4.66639E-10,4.76688E-10,5.89977E-10,1.86719E-09,1.62666E-08,1.78605E-07,1.37123E-06,7.19969E-06,3.78097E-05,0.000198544,0.001041873,0.005447799,0.027964171,0.13126087,0.442445304,0.806490991,0.95631076,0.991376415,0.998346499,0.999684746
4.66263E-10,4.72744E-10,5.4898E-10,1.44578E-09,1.19952E-08,1.36093E-07,1.08214E-06,5.84919E-06,3.16243E-05,0.00017097,0.000923752,0.004974566,0.026320932,0.127526925,0.441447058,0.810370851,0.958518234,0.992059821,0.998521961,0.999726319
4.66032E-10,4.70211E-10,5.21503E-10,1.15107E-09,8.87853E-09,1.03727E-07,8.54028E-07,4.75202E-06,2.64507E-05,0.000147225,0.000819012,0.004542254,0.024771793,0.123884054,0.44044929,0.814190845,0.960618766,0.992689467,0.998678829,0.99976241
4.65889E-10,4.68584E-10,5.03087E-10,9.4498E-10,6.60434E-09,7.90844E-08,6.74018E-07,3.86068E-06,2.21235E-05,0.000126777,0.000726139,0.004147355,0.02331165,0.12033091,0.43945206,0.817951216,0.962617093,0.993269524,0.998819068,0.999793743
4.65802E-10,4.67538E-10,4.90745E-10,8.00856E-10,4.94492E-09,6.03226E-08,5.31971E-07,3.13654E-06,1.85042E-05,0.000109169,0.000643792,0.003786659,0.021935642,0.116866116,0.438455425,0.821652232,0.964517784,0.993803848,0.998944438,0.999820945
4.65748E-10,4.66867E-10,4.82473E-10,7.00068E-10,3.73407E-09,4.60381E-08,4.19881E-07,2.54824E-06,1.5477E-05,9.40065E-05,0.000570777,0.003457224,0.020639147,0.113488265,0.437459439,0.825294188,0.966325247,0.994296003,0.999056512,0.99984456
4.65715E-10,4.66436E-10,4.76929E-10,6.29586E-10,2.85054E-09,3.51625E-08,3.31429E-07,2.0703E-06,1.2945E-05,8.09496E-05,0.000506039,0.00315636,0.019417767,0.110195926,0.436464158,0.828877404,0.968043725,0.994749279,0.999156698,0.999865061
4.65694E-10,4.66159E-10,4.73213E-10,5.80296E-10,2.20585E-09,2.68823E-08,2.61631E-07,1.68201E-06,1.08273E-05,6.97062E-05,0.000448641,0.002881603,0.018267328,0.106987647,0.435469637,0.832402223,0.969677301,0.995166718,0.999246255,0.999882859
4.65681E-10,4.65981E-10,4.70722E-10,5.45827E-10,1.73543E-09,2.05781E-08,2.06553E-07,1.36657E-06,9.05597E-06,6.00243E-05,0.00039775,0.002630702,0.017183865,0.103861959,0.434475929,0.835869016,0.9712299,0.995551128,0.999326309,0.99989831
4.65674E-10,4.65867E-10,4.69053E-10,5.21722E-10,1.39218E-09,1.57783E-08,1.6309E-07,1.1103E-06,7.57447E-06,5.16871E-05,0.00035263,0.002401595,0.016163619,0.100817378,0.433483089,0.839278173,0.972705294,0.995905099,0.999397867,0.999911723
4.65669E-10,4.65793E-10,4.67935E-10,5.04865E-10,1.14172E-09,1.2124E-08,1.28793E-07,9.02098E-07,6.33534E-06,4.45078E-05,0.000312627,0.002192398,0.015203023,0.097852409,0.432491172,0.842630108,0.9741071,0.996231024,0.99946183,0.999923368
4.65666E-10,4.65746E-10,4.67185E-10,4.93077E-10,9.58961E-10,9.34177E-09,1.01729E-07,7.32956E-07,5.29893E-06,3.83257E-05,0.000277161,0.002001389,0.014298699,0.094965548,0.431500234,0.845925253,0.975438792,0.996531108,0.999519004,0.999933477
4.65664E-10,4.65716E-10,4.66682E-10,4.84833E-10,8.25608E-10,7.22348E-09,8.03728E-08,5.95544E-07,4.43208E-06,3.30023E-05,0.000245717,0.001826991,0.013447447,0.092155284,0.430510331,0.849164064,0.976703698,0.996807386,0.999570108,0.999942252
4.65663E-10,4.65696E-10,4.66346E-10,4.79068E-10,7.28303E-10,5.61072E-09,6.35204E-08,4.83909E-07,3.70704E-06,2.84183E-05,0.00021784,0.001667767,0.012646239,0.089420105,0.42952152,0.852347012,0.977905004,0.997061736,0.999615785,0.99994987
4.65662E-10,4.65684E-10,4.6612E-10,4.75037E-10,6.57303E-10,4.38284E-09,5.02221E-08,3.93216E-07,3.10062E-06,2.4471E-05,0.000193125,0.001522398,0.011892207,0.086758497,0.428533858,0.855474588,0.979045764,0.997295888,0.999656613,0.999956484
4.65662E-10,4.65676E-10,4.65969E-10,4.72218E-10,6.05496E-10,3.44798E-09,3.97283E-08,3.19537E-07,2.59342E-06,2.10719E-05,0.000171214,0.001389685,0.011182641,0.084168945,0.427547405,0.858547298,0.980128896,0.997511438,0.999693105,0.999962225
4.65662E-10,4.65671E-10,4.65867E-10,4.70246E-10,5.67693E-10,2.73623E-09,3.14476E-08,2.59679E-07,2.16919E-06,1.8145E-05,0.000151788,0.001268527,0.010514978,0.081649941,0.426562221,0.861565665,0.981157195,0.997709856,0.999725722,0.999967209
4.65662E-10,4.65667E-10,4.65799E-10,4.68868E-10,5.4011E-10,2.19434E-09,2.49133E-08,2.1105E-07,1.81437E-06,1.56246E-05,0.000134566,0.00115792,0.009886797,0.079199979,0.425578366,0.864530224,0.982133328,0.997892498,0.999754874,0.999971536
4.65661E-10,4.65665E-10,4.65754E-10,4.67903E-10,5.19984E-10,1.78177E-09,1.97571E-08,1.71544E-07,1.5176E-06,1.34544E-05,0.000119298,0.001056949,0.009295808,0.076817562,0.424595902,0.867441527,0.983059845,0.998060613,0.99978093,0.999975292
4.65661E-10,4.65664E-10,4.65723E-10,4.67229E-10,5.05298E-10,1.46767E-09,1.56883E-08,1.39449E-07,1.26938E-06,1.15855E-05,0.000105762,0.000964776,0.008739851,0.0745012,0.423614891,0.870300136,0.983939182,0.998215351,0.999804218,0.999978552
4.65661E-10,4.65663E-10,4.65703E-10,4.66758E-10,4.94582E-10,1.22852E-09,1.24777E-08,1.13374E-07,1.06177E-06,9.97628E-06,9.3762E-05,0.000880634,0.008216885,0.072249415,0.422635397,0.873106624,0.984773661,0.998357775,0.999825032,0.999981382
4.65661E-10,4.65662E-10,4.65689E-10,4.66428E-10,4.86764E-10,1.04645E-09,9.94415E-09,9.21918E-08,8.88127E-07,8.59057E-06,8.31233E-05,0.000803826,0.007724985,0.07006074,0.421657483,0.875861577,0.985565502,0.998488859,0.999843635,0.999983839
4.65661E-10,4.65662E-10,4.6568E-10,4.66197E-10,4.81059E-10,9.07833E-10,7.94496E-09,7.4983E-08,7.42893E-07,7.39733E-06,7.36917E-05,0.000733713,0.007262334,0.06793372,0.420681214,0.878565588,0.986316817,0.998609504,0.999860261,0.999985972
4.65661E-10,4.65662E-10,4.65674E-10,4.66036E-10,4.76896E-10,8.02298E-10,6.36742E-09,6.10027E-08,6.21421E-07,6.36985E-06,6.53302E-05,0.000669713,0.006827218,0.065866917,0.419706654,0.88121926,0.987029624,0.99872054,0.999875121,0.999987824
4.65661E-10,4.65662E-10,4.6567E-10,4.65923E-10,4.73859E-10,7.2195E-10,5.1226E-09,4.9645E-08,5.19822E-07,5.48508E-06,5.79175E-05,0.000611293,0.006418019,0.063858905,0.41873387,0.883823203,0.987705844,0.998822728,0.999888401,0.999989431
4.65661E-10,4.65661E-10,4.65667E-10,4.65845E-10,4.71642E-10,6.60779E-10,4.14033E-09,4.04182E-08,4.34846E-07,4.72322E-06,5.13458E-05,0.000557967,0.006033213,0.061908276,0.417762928,0.886378034,0.988347308,0.998916773,0.999900271,0.999990826
4.65661E-10,4.65661E-10,4.65665E-10,4.65789E-10,4.70025E-10,6.14207E-10,3.36523E-09,3.29223E-08,3.63773E-07,4.06718E-06,4.55198E-05,0.000509291,0.005671364,0.060013641,0.416793894,0.888884377,0.988955759,0.999003321,0.999910879,0.999992037
4.65661E-10,4.65661E-10,4.65664E-10,4.65751E-10,4.68845E-10,5.78751E-10,2.75362E-09,2.68328E-08,3.04328E-07,3.50227E-06,4.03549E-05,0.00046486,0.005331118,0.058173628,0.415826833,0.89134286,0.989532858,0.999082969,0.999920359,0.999993088
4.65661E-10,4.65661E-10,4.65663E-10,4.65724E-10,4.67985E-10,5.51758E-10,2.271E-09,2.18857E-08,2.5461E-07,3.01583E-06,3.5776E-05,0.000424305,0.005011197,0.056386882,0.414861814,0.893754115,0.990080186,0.999156265,0.999928832,0.999994001
4.65661E-10,4.65661E-10,4.65662E-10,4.65705E-10,4.67356E-10,5.31207E-10,1.89018E-09,1.78667E-08,2.13026E-07,2.59696E-06,3.17166E-05,0.000387288,0.004710399,0.054652071,0.413898901,0.89611878,0.990599246,0.999223716,0.999936404,0.999994793
4.65661E-10,4.65661E-10,4.65662E-10,4.65692E-10,4.66898E-10,5.15561E-10,1.58969E-09,1.46017E-08,1.78245E-07,2.23627E-06,2.81179E-05,0.000353499,0.004427591,0.052967881,0.412938162,0.898437493,0.991091471,0.999285785,0.999943172,0.999995481
4.65661E-10,4.65661E-10,4.65662E-10,4.65683E-10,4.66564E-10,5.0365E-10,1.35258E-09,1.19494E-08,1.49156E-07,1.92569E-06,2.49275E-05,0.000322658,0.004161707,0.051333021,0.411979662,0.900710897,0.99155822,0.999342902,0.99994922,0.999996077
4.65661E-10,4.65661E-10,4.65662E-10,4.65676E-10,4.6632E-10,4.94582E-10,1.16548E-09,9.7946E-09,1.24825E-07,1.65825E-06,2.20992E-05,0.000294508,0.003911742,0.049746219,0.411023467,0.902939634,0.99200079,0.999395461,0.999954624,0.999996596
4.65661E-10,4.65661E-10,4.65662E-10,4.65672E-10,4.66142E-10,4.87678E-10,1.01785E-09,8.04413E-09,1.04476E-07,1.42796E-06,1.95917E-05,0.000268814,0.003676749,0.048206226,0.410069643,0.90512435,0.992420412,0.999443824,0.999959454,0.999997045
4.65661E-10,4.65661E-10,4.65661E-10,4.65669E-10,4.66012E-10,4.82422E-10,9.01358E-10,6.62209E-09,8.74567E-08,1.22966E-06,1.73688E-05,0.000245361,0.003455838,0.046711815,0.409118255,0.90726569,0.992818255,0.999488327,0.999963771,0.999997436
4.65661E-10,4.65661E-10,4.65661E-10,4.65666E-10,4.65917E-10,4.78421E-10,8.09441E-10,5.46687E-09,7.32218E-08,1.0589E-06,1.53981E-05,0.000223954,0.003248171,0.045261782,0.408169366,0.909364298,0.993195433,0.999529276,0.999967628,0.999997774
4.65661E-10,4.65661E-10,4.65661E-10,4.65665E-10,4.65848E-10,4.75375E-10,7.36914E-10,4.5284E-09,6.13162E-08,9.11867E-07,1.3651E-05,0.000204416,0.003052957,0.043854944,0.40722304,0.911420819,0.993553002,0.999566955,0.999971075,0.999998068
4.65661E-10,4.65661E-10,4.65661E-10,4.65664E-10,4.65797E-10,4.73056E-10,6.79686E-10,3.76602E-09,5.13586E-08,7.85257E-07,1.21022E-05,0.000186582,0.002869455,0.042490142,0.406279339,0.913435896,0.993891968,0.999601625,0.999974156,0.999998324
4.65661E-10,4.65661E-10,4.65661E-10,4.65663E-10,4.65761E-10,4.7129E-10,6.34531E-10,3.14668E-09,4.30303E-08,6.76235E-07,1.07291E-05,0.000170304,0.002696965,0.041166239,0.405338326,0.91541017,0.994213284,0.999633525,0.999976909,0.999998545
4.65661E-10,4.65661E-10,4.65661E-10,4.65663E-10,4.65734E-10,4.69947E-10,5.98902E-10,2.64356E-09,3.60649E-08,5.82358E-07,9.51179E-06,0.000155447,0.002534829,0.039882122,0.404400062,0.917344281,0.994517858,0.999662877,0.999979368,0.999998737
4.65661E-10,4.65661E-10,4.65661E-10,4.65662E-10,4.65714E-10,4.68923E-10,5.7079E-10,2.23485E-09,3.02391E-08,5.01521E-07,8.43262E-06,0.000141886,0.002382429,0.0386367,0.403464605,0.919238867,0.99480655,0.999689882,0.999981567,0.999998904
4.65661E-10,4.65661E-10,4.65661E-10,4.65662E-10,4.657E-10,4.68145E-10,5.48608E-10,1.90283E-09,2.53667E-08,4.31914E-07,7.47591E-06,0.000129508,0.002239182,0.037428905,0.402532016,0.921094561,0.995080178,0.99971473,0.999983531,0.999999049
4.65661E-10,4.65661E-10,4.65661E-10,4.65662E-10,4.65689E-10,4.67552E-10,5.31106E-10,1.63311E-09,2.12916E-08,3.71976E-07,6.62774E-06,0.00011821,0.002104541,0.036257694,0.40160235,0.922911995,0.99533952,0.999737591,0.999985286,0.999999175
4.65661E-10,4.65661E-10,4.65661E-10,4.65662E-10,4.65682E-10,4.671E-10,5.17297E-10,1.41401E-09,1.78833E-08,3.20365E-07,5.87582E-06,0.000107898,0.00197799,0.035122045,0.400675665,0.924691796,0.995585311,0.999758624,0.999986854,0.999999284
4.65661E-10,4.65661E-10,4.65661E-10,4.65661E-10,4.65676E-10,4.66757E-10,5.06401E-10,1.23602E-09,1.50328E-08,2.75923E-07,5.20921E-06,9.84863E-05,0.001859044,0.034020957,0.399752015,0.926434588,0.995818252,0.999777975,0.999988256,0.999999378
9.31323E-10,9.31323E-10,9.31323E-10,9.31323E-10,9.31333E-10,9.32156E-10,9.63466E-10,1.5571E-09,1.31144E-08,2.38121E-07,4.61871E-06,8.9896E-05,0.001747249,0.032953459,0.398831457,0.928140988,0.996039006,0.999795779,0.999989507,0.99999946
9.31323E-10,9.31323E-10,9.31323E-10,9.31323E-10,9.31331E-10,9.31957E-10,9.56683E-10,1.43965E-09,1.11205E-08,2.0517E-07,4.0948E-06,8.20547E-05,0.001642175,0.03191859,0.397914038,0.929811616,0.996248206,0.999812158,0.999990626,0.999999531
9.31323E-10,9.31323E-10,9.31323E-10,9.31323E-10,9.31328E-10,9.31806E-10,9.51331E-10,1.34424E-09,9.4529E-09,1.76795E-07,3.63033E-06,7.48976E-05,0.001543418,0.030915422,0.396999812,0.93144708,0.99644645,0.999827227,0.999991626,0.999999593
9.31323E-10,9.31323E-10,9.31323E-10,9.31323E-10,9.31327E-10,9.3169E-10,9.47109E-10,1.26674E-09,8.05818E-09,1.52363E-07,3.21856E-06,6.8365E-05,0.001450601,0.029943046,0.396088826,0.933047985,0.996634305,0.99984109,0.999992519,0.999999647
9.31323E-10,9.31323E-10,9.31323E-10,9.31323E-10,9.31326E-10,9.31603E-10,9.43777E-10,1.20378E-09,6.89172E-09,1.31325E-07,2.85351E-06,6.24023E-05,0.001363365,0.029000574,0.39518113,0.934614932,0.99681231,0.999853843,0.999993317,0.999999694
9.31323E-10,9.31323E-10,9.31323E-10,9.31323E-10,9.31325E-10,9.31536E-10,9.41149E-10,1.15264E-09,5.91615E-09,1.13209E-07,2.52988E-06,5.69599E-05,0.001281377,0.02808714,0.394276769,0.936148515,0.996980977,0.999865576,0.99999403,0.999999734
9.31323E-10,9.31323E-10,9.31323E-10,9.31323E-10,9.31324E-10,9.31485E-10,9.39075E-10,1.11109E-09,5.10025E-09,9.76105E-08,2.24297E-06,5.19923E-05,0.001204321,0.0272019,0.393375788,0.937649323,0.997140791,0.999876369,0.999994667,0.999999769
9.31323E-10,9.31323E-10,9.31323E-10,9.31323E-10,9.31324E-10,9.31446E-10,9.37439E-10,1.07735E-09,4.41787E-09,8.41787E-08,1.98861E-06,4.74581E-05,0.0011319,0.02634403,0.39247823,0.93911794,0.997292212,0.999886298,0.999995237,0.9999998
9.31323E-10,9.31323E-10,9.31323E-10,9.31323E-10,9.31323E-10,9.31417E-10,9.36148E-10,1.04993E-09,3.84718E-09,7.26129E-08,1.76311E-06,4.33195E-05,0.001063837,0.025512728,0.391584137,0.940554944,0.997435677,0.999895431,0.999995745,0.999999826
9.31323E-10,9.31323E-10,9.31323E-10,9.31323E-10,9.31323E-10,9.31394E-10,9.35129E-10,1.02767E-09,3.36989E-09,6.26539E-08,1.56319E-06,3.9542E-05,0.000999869,0.02470721,0.390693548,0.941960906,0.9975716,0.999903833,0.999996199,0.999999849
9.31323E-10,9.31323E-10,9.31323E-10,9.31323E-10,9.31323E-10,9.31377E-10,9.34326E-10,1.00958E-09,2.97072E-09,5.40784E-08,1.38596E-06,3.6094E-05,0.000939749,0.023926716,0.389806501,0.943336391,0.997700375,0.999911561,0.999996605,0.999999869
9.31323E-10,9.31323E-10,9.31323E-10,9.31323E-10,9.31323E-10,9.31364E-10,9.33692E-10,9.94889E-10,2.63689E-09,4.66944E-08,1.22883E-06,3.29468E-05,0.000883248,0.023170503,0.388923032,0.944681959,0.997822373,0.99991867,0.999996968,0.999999886
9.31323E-10,9.31323E-10,9.31323E-10,9.31323E-10,9.31323E-10,9.31354E-10,9.33192E-10,9.82955E-10,2.35769E-09,4.03362E-08,1.08954E-06,3.00741E-05,0.000830146,0.022437848,0.388043178,0.945998161,0.997937949,0.99992521,0.999997292,0.999999901
9.31323E-10,9.31323E-10,9.31323E-10,9.31323E-10,9.31323E-10,9.31347E-10,9.32797E-10,9.73261E-10,2.12419E-09,3.48613E-08,9.66041E-07,2.7452E-05,0.000780239,0.021728048,0.387166969,0.947285545,0.998047437,0.999931224,0.999997581,0.999999914
9.31323E-10,9.31323E-10,9.31323E-10,9.31323E-10,9.31323E-10,9.31341E-10,9.32486E-10,9.65387E-10,1.92892E-09,3.01471E-08,8.56557E-07,2.50586E-05,0.000733336,0.021040418,0.386294439,0.948544649,0.998151155,0.999936757,0.99999784,0.999999925
9.31323E-10,9.31323E-10,9.31323E-10,9.31323E-10,9.31323E-10,9.31336E-10,9.3224E-10,9.58991E-10,1.7656E-09,2.60878E-08,7.59495E-07,2.2874E-05,0.000689255,0.020374291,0.385425616,0.949776006,0.998249406,0.999941845,0.99999807,0.999999935
9.31323E-10,9.31323E-10,9.31323E-10,9.31323E-10,9.31323E-10,9.31333E-10,9.32046E-10,9.53796E-10,1.62902E-09,2.25925E-08,6.73444E-07,2.088E-05,0.000647826,0.019729019,0.384560528,0.950980143,0.998342474,0.999946526,0.999998277,0.999999944
9.31323E-10,9.31323E-10,9.31323E-10,9.31323E-10,9.31323E-10,9.31331E-10,9.31894E-10,9.49576E-10,1.5148E-09,1.95829E-08,5.97155E-07,1.90598E-05,0.000608891,0.019103972,0.383699203,0.952157579,0.998430631,0.99995083,0.999998461,0.999999951
9.31323E-10,9.31323E-10,9.31323E-10,9.31323E-10,9.31323E-10,9.31329E-10,9.31773E-10,9.46148E-10,1.41927E-09,1.69913E-08,5.29522E-07,1.73984E-05,0.000572298,0.018498537,0.382841664,0.953308825,0.998514135,0.99995479,0.999998625,0.999999957
9.31323E-10,9.31323E-10,9.31323E-10,9.31323E-10,9.31323E-10,9.31327E-10,9.31678E-10,9.43364E-10,1.33939E-09,1.47599E-08,4.69561E-07,1.58819E-05,0.000537908,0.017912117,0.381987935,0.954434388,0.998593228,0.999958431,0.999998772,0.999999963
9.31323E-10,9.31323E-10,9.31323E-10,9.31323E-10,9.31323E-10,9.31326E-10,9.31603E-10,9.41103E-10,1.27258E-09,1.28384E-08,4.16402E-07,1.44977E-05,0.000505586,0.017344132,0.381138037,0.955534767,0.998668141,0.99996178,0.999998904,0.999999968
9.31323E-10,9.31323E-10,9.31323E-10,9.31323E-10,9.31323E-10,9.31325E-10,9.31544E-10,9.39266E-10,1.2167E-09,1.1184E-08,3.69274E-07,1.32341E-05,0.000475209,0.016794021,0.380291989,0.956610452,0.998739095,0.99996486,0.999999021,0.999999972
9.31323E-10,9.31323E-10,9.31323E-10,9.31323E-10,9.31323E-10,9.31325E-10,9.31497E-10,9.37775E-10,1.16998E-09,9.75937E-09,3.27492E-07,1.20808E-05,0.00044666,0.016261235,0.379449811,0.95766193,0.998806296,0.999967692,0.999999126,0.999999975
9.31323E-10,9.31323E-10,9.31323E-10,9.31323E-10,9.31323E-10,9.31324E-10,9.3146E-10,9.36563E-10,1.1309E-09,8.53271E-09,2.90451E-07,1.1028E-05,0.000419828,0.015745243,0.378611519,0.958689677,0.998869941,0.999970297,0.999999219,0.999999979
9.31323E-10,9.31323E-10,9.31323E-10,9.31323E-10,9.31323E-10,9.31324E-10,9.31431E-10,9.35579E-10,1.09822E-09,7.47648E-09,2.57611E-07,1.0067E-05,0.000394611,0.015245528,0.377777128,0.959694165,0.998930218,0.999972692,0.999999303,0.999999981
9.31323E-10,9.31323E-10,9.31323E-10,9.31323E-10,9.31323E-10,9.31323E-10,9.31408E-10,9.34779E-10,1.07089E-09,6.56701E-09,2.28496E-07,9.18981E-06,0.00037091,0.014761588,0.376946651,0.960675857,0.998987302,0.999974895,0.999999377,0.999999984
9.31323E-10,9.31323E-10,9.31323E-10,9.31323E-10,9.31323E-10,9.31323E-10,9.3139E-10,9.3413E-10,1.04804E-09,5.78391E-09,2.02684E-07,8.3891E-06,0.000348635,0.014292937,0.376120101,0.961635211,0.999041363,0.999976921,0.999999444,0.999999986
9.31323E-10,9.31323E-10,9.31323E-10,9.31323E-10,9.31323E-10,9.31323E-10,9.31376E-10,9.33603E-10,1.02893E-09,5.10962E-09,1.79801E-07,7.65819E-06,0.0003277,0.013839102,0.375297488,0.962572676,0.999092558,0.999978783,0.999999503,0.999999987
9.31323E-10,9.31323E-10,9.31323E-10,9.31323E-10,9.31323E-10,9.31323E-10,9.31365E-10,9.33174E-10,1.01294E-09,4.52901E-09,1.59513E-07,6.991E-06,0.000308024,0.013399622,0.374478821,0.963488696,0.999141038,0.999980496,0.999999557,0.999999989
9.31323E-10,9.31323E-10,9.31323E-10,9.31323E-10,9.31323E-10,9.31323E-10,9.31356E-10,9.32827E-10,9.99578E-10,4.02909E-09,1.41526E-07,6.38197E-06,0.000289532,0.012974053,0.373664108,0.964383706,0.999186947,0.999982071,0.999999604,0.99999999
9.31323E-10,9.31323E-10,9.31323E-10,9.31323E-10,9.31323E-10,9.31323E-10,9.31349E-10,9.32544E-10,9.88401E-10,3.59862E-09,1.2558E-07,5.82603E-06,0.000272151,0.012561962,0.372853356,0.965258137,0.999230419,0.999983519,0.999999646,0.999999992
9.31323E-10,9.31323E-10,9.31323E-10,9.31323E-10,9.31323E-10,9.31323E-10,9.31343E-10,9.32315E-10,9.79053E-10,3.22798E-09,1.11442E-07,5.31855E-06,0.000255815,0.012162928,0.37204657,0.966112411,0.999271583,0.99998485,0.999999684,0.999999993
9.31323E-10,9.31323E-10,9.31323E-10,9.31323E-10,9.31323E-10,9.31323E-10,9.31339E-10,9.32128E-10,9.71237E-10,2.90883E-09,9.89083E-08,4.85531E-06,0.000240462,0.011776545,0.371243752,0.966946943,0.999310561,0.999986075,0.999999718,0.999999993
9.31323E-10,9.31323E-10,9.31323E-10,9.31323E-10,9.31323E-10,9.31323E-10,9.31335E-10,9.31977E-10,9.647E-10,2.63403E-09,8.77961E-08,4.43244E-06,0.000226031,0.011402418,0.370444906,0.967762142,0.999347468,0.9999872,0.999999748,0.999999994
9.31323E-10,9.31323E-10,9.31323E-10,9.31323E-10,9.31323E-10,9.31323E-10,9.31333E-10,9.31854E-10,9.59234E-10,2.39741E-09,7.79444E-08,4.04643E-06,0.000212468,0.011040162,0.369650033,0.968558411,0.999382412,0.999988235,0.999999775,0.999999995
9.31323E-10,9.31323E-10,9.31323E-10,9.31323E-10,9.31323E-10,9.31323E-10,9.31331E-10,9.31754E-10,9.54662E-10,2.19368E-09,6.92101E-08,3.69406E-06,0.000199721,0.010689406,0.368859133,0.969336145,0.999415498,0.999989187,0.999999799,0.999999995
9.31323E-10,9.31323E-10,9.31323E-10,9.31323E-10,9.31323E-10,9.31323E-10,9.31329E-10,9.31673E-10,9.5084E-10,2.01825E-09,6.14664E-08,3.37239E-06,0.000187739,0.010349789,0.368072203,0.970095734,0.999446824,0.999990061,0.999999821,0.999999996
9.31323E-10,9.31323E-10,9.31323E-10,9.31323E-10,9.31323E-10,9.31323E-10,9.31328E-10,9.31607E-10,9.47643E-10,1.86721E-09,5.46011E-08,3.07876E-06,0.000176478,0.010020961,0.367289243,0.970837559,0.999476483,0.999990866,0.99999984,0.999999996
9.31323E-10,9.31323E-10,9.31323E-10,9.31323E-10,9.31323E-10,9.31323E-10,9.31326E-10,9.31554E-10,9.4497E-10,1.73715E-09,4.85145E-08,2.81071E-06,0.000165893,0.009702583,0.366510248,0.971561996,0.999504562,0.999991605,0.999999857,0.999999997
9.31323E-10,9.31323E-10,9.31323E-10,9.31323E-10,9.31323E-10,9.31323E-10,9.31326E-10,9.3151E-10,9.42735E-10,1.62516E-09,4.31182E-08,2.56602E-06,0.000155944,0.009394327,0.365735213,0.972269415,0.999531145,0.999992285,0.999999872,0.999999997
9.31323E-10,9.31323E-10,9.31323E-10,9.31323E-10,9.31323E-10,9.31323E-10,9.31325E-10,9.31475E-10,9.40865E-10,1.52874E-09,3.83339E-08,2.34265E-06,0.000146593,0.009095873,0.364964133,0.972960178,0.999556312,0.999992909,0.999999886,0.999999997
9.31323E-10,9.31323E-10,9.31323E-10,9.31323E-10,9.31323E-10,9.31323E-10,9.31324E-10,9.31446E-10,9.39302E-10,1.44571E-09,3.40923E-08,2.13874E-06,0.000137804,0.008806911,0.364197002,0.973634642,0.999580137,0.999993484,0.999999898,0.999999998
9.31323E-10,9.31323E-10,9.31323E-10,9.31323E-10,9.31323E-10,9.31323E-10,9.31324E-10,9.31423E-10,9.37995E-10,1.37423E-09,3.03317E-08,1.9526E-06,0.000129542,0.008527143,0.363433811,0.974293157,0.999602691,0.999994012,0.999999909,0.999999998
9.31323E-10,9.31323E-10,9.31323E-10,9.31323E-10,9.31323E-10,9.31323E-10,9.31324E-10,9.31404E-10,9.36902E-10,1.31267E-09,2.69976E-08,1.78267E-06,0.000121777,0.008256277,0.362674552,0.974936068,0.999624042,0.999994497,0.999999919,0.999999998
9.31323E-10,9.31323E-10,9.31323E-10,9.31323E-10,9.31323E-10,9.31323E-10,9.31324E-10,9.31389E-10,9.35988E-10,1.25968E-09,2.40417E-08,1.62755E-06,0.000114478,0.007994033,0.361919214,0.975563712,0.999644253,0.999994943,0.999999927,0.999999998
9.31323E-10,9.31323E-10,9.31323E-10,9.31323E-10,9.31323E-10,9.31323E-10,9.31323E-10,9.31376E-10,9.35224E-10,1.21404E-09,2.1421E-08,1.48593E-06,0.000107617,0.007740137,0.361167789,0.97617642,0.999663384,0.999995353,0.999999935,0.999999998
9.31323E-10,9.31323E-10,9.31323E-10,9.31323E-10,9.31323E-10,9.31323E-10,9.31323E-10,9.31366E-10,9.34585E-10,1.17475E-09,1.90975E-08,1.35666E-06,0.000101168,0.007494325,0.360420264,0.976774519,0.999681494,0.99999573,0.999999942,0.999999998
9.31323E-10,9.31323E-10,9.31323E-10,9.31323E-10,9.31323E-10,9.31323E-10,9.31323E-10,9.31358E-10,9.3405E-10,1.14092E-09,1.70375E-08,1.23864E-06,9.51068E-05,0.00725634,0.359676627,0.977358328,0.999698635,0.999996076,0.999999948,0.999999998
9.31323E-10,9.31323E-10,9.31323E-10,9.31323E-10,9.31323E-10,9.31323E-10,9.31323E-10,9.31351E-10,9.33604E-10,1.11179E-09,1.52112E-08,1.1309E-06,8.94091E-05,0.007025935,0.358936864,0.97792816,0.99971486,0.999996395,0.999999954,0.999999998
9.31323E-10,9.31323E-10,9.31323E-10,9.31323E-10,9.31323E-10,9.31323E-10,9.31323E-10,9.31346E-10,9.3323E-10,1.08671E-09,1.35919E-08,1.03255E-06,8.40533E-05,0.006802869,0.358200964,0.978484324,0.999730217,0.999996687,0.999999958,0.999999999
9.31323E-10,9.31323E-10,9.31323E-10,9.31323E-10,9.31323E-10,9.31323E-10,9.31323E-10,9.31342E-10,9.32917E-10,1.06511E-09,1.21563E-08,9.42755E-07,7.90189E-05,0.006586908,0.35746891,0.979027122,0.999744753,0.999996956,0.999999963,0.999999999
9.31323E-10,9.31323E-10,9.31323E-10,9.31323E-10,9.31323E-10,9.31323E-10,9.31323E-10,9.31338E-10,9.32656E-10,1.04652E-09,1.08835E-08,8.60785E-07,7.42866E-05,0.006377827,0.356740688,0.979556851,0.99975851,0.999997203,0.999999967,0.999999999
9.31323E-10,9.31323E-10,9.31323E-10,9.31323E-10,9.31323E-10,9.31323E-10,9.31323E-10,9.31335E-10,9.32438E-10,1.03051E-09,9.75505E-09,7.85952E-07,6.98382E-05,0.006175406,0.356016283,0.9800738,0.99977153,0.999997431,0.99999997,0.999999999
9.31323E-10,9.31323E-10,9.31323E-10,9.31323E-10,9.31323E-10,9.31323E-10,9.31323E-10,9.31333E-10,9.32255E-10,1.01672E-09,8.75455E-09,7.17635E-07,6.56567E-05,0.005979436,0.355295677,0.980578255,0.999783853,0.999997639,0.999999973,0.999999999
9.31323E-10,9.31323E-10,9.31323E-10,9.31323E-10,9.31323E-10,9.31323E-10,9.31323E-10,9.31331E-10,9.32102E-10,1.00485E-09,7.86751E-09,6.55266E-07,6.1726E-05,0.005789709,0.354578853,0.981070496,0.999795515,0.999997831,0.999999976,0.999999999
9.31323E-10,9.31323E-10,9.31323E-10,9.31323E-10,9.31323E-10,9.31323E-10,9.31323E-10,9.31329E-10,9.31975E-10,9.94634E-10,7.08105E-09,5.98328E-07,5.8031E-05,0.005606027,0.353865794,0.981550798,0.999806552,0.999998007,0.999999979,0.999999999
9.31323E-10,9.31323E-10,9.31323E-10,9.31323E-10,9.31323E-10,9.31323E-10,9.31323E-10,9.31328E-10,9.31868E-10,9.85834E-10,6.38378E-09,5.46346E-07,5.45577E-05,0.005428197,0.353156482,0.982019429,0.999816997,0.999998169,0.999999981,0.999999999
9.31323E-10,9.31323E-10,9.31323E-10,9.31323E-10,9.31323E-10,9.31323E-10,9.31323E-10,9.31327E-10,9.31778E-10,9.78258E-10,5.76557E-09,4.9889E-07,5.12926E-05,0.005256034,0.352450899,0.982476652,0.999826882,0.999998318,0.999999983,0.999999999
9.31323E-10,9.31323E-10,9.31323E-10,9.31323E-10,9.31323E-10,9.31323E-10,9.31323E-10,9.31326E-10,9.31704E-10,9.71734E-10,5.21746E-09,4.55565E-07,4.82232E-05,0.005089356,0.351749024,0.982922728,0.999836236,0.999998455,0.999999985,0.999999999
9.31323E-10,9.31323E-10,9.31323E-10,9.31323E-10,9.31323E-10,9.31323E-10,9.31323E-10,9.31325E-10,9.31641E-10,9.66118E-10,4.73151E-09,4.16012E-07,4.53379E-05,0.004927989,0.351050839,0.983357907,0.999845087,0.999998581,0.999999986,0.999999999
9.31323E-10,9.31323E-10,9.31323E-10,9.31323E-10,9.31323E-10,9.31323E-10,9.31323E-10,9.31325E-10,9.31589E-10,9.61282E-10,4.30065E-09,3.79901E-07,4.26255E-05,0.004771762,0.350356322,0.98378244,0.999853463,0.999998696,0.999999987,0.999999999
9.31323E-10,9.31323E-10,9.31323E-10,9.31323E-10,9.31323E-10,9.31323E-10,9.31323E-10,9.31325E-10,9.31545E-10,9.57118E-10,3.91865E-09,3.46934E-07,4.00757E-05,0.004620513,0.349665455,0.98419657,0.999861389,0.999998802,0.999999989,0.999999999
9.31323E-10,9.31323E-10,9.31323E-10,9.31323E-10,9.31323E-10,9.31323E-10,9.31323E-10,9.31324E-10,9.31509E-10,9.53532E-10,3.57997E-09,3.16835E-07,3.76787E-05,0.004474082,0.348978216,0.984600534,0.999868889,0.9999989,0.99999999,0.999999999
9.31323E-10,9.31323E-10,9.31323E-10,9.31323E-10,9.31323E-10,9.31323E-10,9.31323E-10,9.31324E-10,9.31478E-10,9.50445E-10,3.27968E-09,2.89357E-07,3.54253E-05,0.004332316,0.348294583,0.984994567,0.999875985,0.999998989,0.999999991,0.999999999
9.31323E-10,9.31323E-10,9.31323E-10,9.31323E-10,9.31323E-10,9.31323E-10,9.31323E-10,9.31324E-10,9.31453E-10,9.47788E-10,3.01345E-09,2.64269E-07,3.33069E-05,0.004195065,0.347614536,0.985378897,0.9998827,0.999999072,0.999999992,0.999999999
9.31323E-10,9.31323E-10,9.31323E-10,9.31323E-10,9.31323E-10,9.31323E-10,9.31323E-10,9.31323E-10,9.31432E-10,9.45499E-10,2.7774E-09,2.41365E-07,3.13154E-05,0.004062185,0.346938052,0.985753749,0.999889053,0.999999147,0.999999993,0.999999999
9.31323E-10,9.31323E-10,9.31323E-10,9.31323E-10,9.31323E-10,9.31323E-10,9.31323E-10,9.31323E-10,9.31414E-10,9.43529E-10,2.56811E-09,2.20454E-07,2.94432E-05,0.003933537,0.346265109,0.986119341,0.999895064,0.999999217,0.999999993,0.999999999
9.31323E-10,9.31323E-10,9.31323E-10,9.31323E-10,9.31323E-10,9.31323E-10,9.31323E-10,9.31323E-10,9.31399E-10,9.41832E-10,2.38256E-09,2.01362E-07,2.76832E-05,0.003808986,0.345595685,0.98647589,0.999900751,0.99999928,0.999999994,0.999999999
9.31323E-10,9.31323E-10,9.31323E-10,9.31323E-10,9.31323E-10,9.31323E-10,9.31323E-10,9.31323E-10,9.31386E-10,9.40371E-10,2.21804E-09,1.83932E-07,2.60285E-05,0.0036884,0.344929757,0.986823606,0.999906131,0.999999339,0.999999994,0.999999999
9.31323E-10,9.31323E-10,9.31323E-10,9.31323E-10,9.31323E-10,9.31323E-10,9.31323E-10,9.31323E-10,9.31376E-10,9.39114E-10,2.07217E-09,1.68018E-07,2.44729E-05,0.003571654,0.344267302,0.987162694,0.999911222,0.999999393,0.999999995,0.999999999
9.31323E-10,9.31323E-10,9.31323E-10,9.31323E-10,9.31323E-10,9.31323E-10,9.31323E-10,9.31323E-10,9.31367E-10,9.38031E-10,1.94284E-09,1.53489E-07,2.30104E-05,0.003458623,0.343608298,0.987493358,0.999916038,0.999999442,0.999999995,0.999999999
9.31323E-10,9.31323E-10,9.31323E-10,9.31323E-10,9.31323E-10,9.31323E-10,9.31323E-10,9.31323E-10,9.3136E-10,9.37099E-10,1.82818E-09,1.40223E-07,2.16355E-05,0.003349191,0.34295272,0.987815793,0.999920594,0.999999488,0.999999996,0.999999999
9.31323E-10,9.31323E-10,9.31323E-10,9.31323E-10,9.31323E-10,9.31323E-10,9.31323E-10,9.31323E-10,9.31354E-10,9.36296E-10,1.72651E-09,1.28112E-07,2.03429E-05,0.00324324,0.342300545,0.988130194,0.999924905,0.99999953,0.999999996,0.999999999
9.31323E-10,9.31323E-10,9.31323E-10,9.31323E-10,9.31323E-10,9.31323E-10,9.31323E-10,9.31323E-10,9.31349E-10,9.35605E-10,1.63637E-09,1.17054E-07,1.91277E-05,0.003140661,0.341651751,0.988436751,0.999928983,0.999999568,0.999999996,0.999999999
9.31323E-10,9.31323E-10,9.31323E-10,9.31323E-10,9.31323E-10,9.31323E-10,9.31323E-10,9.31323E-10,9.31344E-10,9.35009E-10,1.55645E-09,1.06958E-07,1.79851E-05,0.003041346,0.341006312,0.988735648,0.99993284,0.999999603,0.999999997,0.999999999
9.31323E-10,9.31323E-10,9.31323E-10,9.31323E-10,9.31323E-10,9.31323E-10,9.31323E-10,9.31323E-10,9.31341E-10,9.34497E-10,1.48559E-09,9.77407E-08,1.6911E-05,0.00294519,0.340364205,0.989027066,0.999936489,0.999999635,0.999999997,0.999999999
9.31323E-10,9.31323E-10,9.31323E-10,9.31323E-10,9.31323E-10,9.31323E-10,9.31323E-10,9.31323E-10,9.31338E-10,9.34056E-10,1.42276E-09,8.93247E-08,1.59011E-05,0.002852092,0.339725407,0.989311184,0.999939941,0.999999665,0.999999997,0.999999999
9.31323E-10,9.31323E-10,9.31323E-10,9.31323E-10,9.31323E-10,9.31323E-10,9.31323E-10,9.31323E-10,9.31335E-10,9.33676E-10,1.36706E-09,8.16407E-08,1.49516E-05,0.002761954,0.339089893,0.989588174,0.999943206,0.999999692,0.999999997,0.999999999
9.31323E-10,9.31323E-10,9.31323E-10,9.31323E-10,9.31323E-10,9.31323E-10,9.31323E-10,9.31323E-10,9.31333E-10,9.33349E-10,1.31767E-09,7.46249E-08,1.40589E-05,0.002674683,0.338457638,0.989858207,0.999946295,0.999999718,0.999999998,0.999999999
9.31323E-10,9.31323E-10,9.31323E-10,9.31323E-10,9.31323E-10,9.31323E-10,9.31323E-10,9.31323E-10,9.31331E-10,9.33067E-10,1.27388E-09,6.82193E-08,1.32196E-05,0.002590186,0.33782862,0.990121448,0.999949217,0.999999741,0.999999998,0.999999999
9.31323E-10,9.31323E-10,9.31323E-10,9.31323E-10,9.31323E-10,9.31323E-10,9.31323E-10,9.31323E-10,9.3133E-10,9.32825E-10,1.23505E-09,6.23707E-08,1.24304E-05,0.002508374,0.337202813,0.990378061,0.99995198,0.999999762,0.999999998,0.999999999
9.31323E-10,9.31323E-10,9.31323E-10,9.31323E-10,9.31323E-10,9.31323E-10,9.31323E-10,9.31323E-10,9.31329E-10,9.32616E-10,1.20062E-09,5.70307E-08,1.16885E-05,0.002429162,0.336580194,0.990628204,0.999954594,0.999999781,0.999999998,0.999999999
9.31323E-10,9.31323E-10,9.31323E-10,9.31323E-10,9.31323E-10,9.31323E-10,9.31323E-10,9.31323E-10,9.31328E-10,9.32436E-10,1.1701E-09,5.2155E-08,1.09909E-05,0.002352467,0.335960738,0.990872032,0.999957066,0.999999799,0.999999998,0.999999999
9.31323E-10,9.31323E-10,9.31323E-10,9.31323E-10,9.31323E-10,9.31323E-10,9.31323E-10,9.31323E-10,9.31327E-10,9.32282E-10,1.14304E-09,4.77033E-08,1.0335E-05,0.002278209,0.33534442,0.991109698,0.999959405,0.999999815,0.999999998,0.999999999
9.31323E-10,9.31323E-10,9.31323E-10,9.31323E-10,9.31323E-10,9.31323E-10,9.31323E-10,9.31323E-10,9.31326E-10,9.32148E-10,1.11904E-09,4.36386E-08,9.71838E-06,0.002206309,0.334731217,0.991341351,0.999961616,0.99999983,0.999999998,0.999999999
9.31323E-10,9.31323E-10,9.31323E-10,9.31323E-10,9.31323E-10,9.31323E-10,9.31323E-10,9.31323E-10,9.31326E-10,9.32034E-10,1.09777E-09,3.99273E-08,9.13856E-06,0.002136692,0.334121105,0.991567135,0.999963708,0.999999844,0.999999998,0.999999999
9.31323E-10,9.31323E-10,9.31323E-10,9.31323E-10,9.31323E-10,9.31323E-10,9.31323E-10,9.31323E-10,9.31325E-10,9.31935E-10,1.0789E-09,3.65387E-08,8.5934E-06,0.002069285,0.333514059,0.991787192,0.999965686,0.999999857,0.999999998,0.999999999
9.31323E-10,9.31323E-10,9.31323E-10,9.31323E-10,9.31323E-10,9.31323E-10,9.31323E-10,9.31323E-10,9.31325E-10,9.3185E-10,1.06218E-09,3.34447E-08,8.08081E-06,0.002004018,0.332910055,0.992001662,0.999967557,0.999999869,0.999999999,0.999999999
9.31323E-10,9.31323E-10,9.31323E-10,9.31323E-10,9.31323E-10,9.31323E-10,9.31323E-10,9.31323E-10,9.31324E-10,9.31776E-10,1.04735E-09,3.06196E-08,7.59885E-06,0.001940822,0.332309068,0.992210681,0.999969327,0.999999879,0.999999999,0.999999999
9.31323E-10,9.31323E-10,9.31323E-10,9.31323E-10,9.31323E-10,9.31323E-10,9.31323E-10,9.31323E-10,9.31324E-10,9.31713E-10,1.0342E-09,2.80401E-08,7.14568E-06,0.001879632,0.331711076,0.992414381,0.999971,0.999999889,0.999999999,0.999999999
9.31323E-10,9.31323E-10,9.31323E-10,9.31323E-10,9.31323E-10,9.31323E-10,9.31323E-10,9.31323E-10,9.31324E-10,9.31659E-10,1.02254E-09,2.56848E-08,6.71958E-06,0.001820383,0.331116053,0.992612892,0.999972583,0.999999898,0.999999999,0.999999999
9.31323E-10,9.31323E-10,9.31323E-10,9.31323E-10,9.31323E-10,9.31323E-10,9.31323E-10,9.31323E-10,9.31324E-10,9.31612E-10,1.0122E-09,2.35343E-08,6.31893E-06,0.001763013,0.330523977,0.99280634,0.99997408,0.999999906,0.999999999,0.999999999
9.31323E-10,9.31323E-10,9.31323E-10,9.31323E-10,9.31323E-10,9.31323E-10,9.31323E-10,9.31323E-10,9.31323E-10,9.31572E-10,1.00304E-09,2.15706E-08,5.9422E-06,0.001707462,0.329934823,0.99299485,0.999975495,0.999999914,0.999999999,0.999999999
9.31323E-10,9.31323E-10,9.31323E-10,9.31323E-10,9.31323E-10,9.31323E-10,9.31323E-10,9.31323E-10,9.31323E-10,9.31537E-10,9.94913E-10,1.97776E-08,5.58798E-06,0.001653672,0.329348567,0.993178543,0.999976833,0.999999921,0.999999999,0.999999999
9.31323E-10,9.31323E-10,9.31323E-10,9.31323E-10,9.31323E-10,9.31323E-10,9.31323E-10,9.31323E-10,9.31323E-10,9.31508E-10,9.87707E-10,1.81405E-08,5.2549E-06,0.001601588,0.328765186,0.993357536,0.999978099,0.999999927,0.999999999,0.999999999
9.31323E-10,9.31323E-10,9.31323E-10,9.31323E-10,9.31323E-10,9.31323E-10,9.31323E-10,9.31323E-10,9.31323E-10,9.31482E-10,9.81318E-10,1.66456E-08,4.94171E-06,0.001551154,0.328184657,0.993531947,0.999979296,0.999999933,0.999999999,0.999999999
9.31323E-10,9.31323E-10,9.31323E-10,9.31323E-10,9.31323E-10,9.31323E-10,9.31323E-10,9.31323E-10,9.31323E-10,9.3146E-10,9.75653E-10,1.52806E-08,4.64722E-06,0.001502318,0.327606955,0.993701887,0.999980427,0.999999939,0.999999999,0.999999999
9.31323E-10,9.31323E-10,9.31323E-10,9.31323E-10,9.31323E-10,9.31323E-10,9.31323E-10,9.31323E-10,9.31323E-10,9.31441E-10,9.7063E-10,1.40343E-08,4.3703E-06,0.001455029,0.327032058,0.993867466,0.999981497,0.999999944,0.999999999,0.999999999
9.31323E-10,9.31323E-10,9.31323E-10,9.31323E-10,9.31323E-10,9.31323E-10,9.31323E-10,9.31323E-10,9.31323E-10,9.31424E-10,9.66177E-10,1.28962E-08,4.10991E-06,0.001409238,0.326459943,0.994028794,0.999982509,0.999999948,0.999999999,0.999999999
